{
  "threshold": 0.3821697845804988,
  "ap": 0.48309605239818076,
  "roc_auc": 0.4910236661531998,
  "macro_f1": 0.3756393861892583,
  "f1_pos": 0.6630434782608695,
  "f1_neg": 0.08823529411764706,
  "acc": 0.5079365079365079
}