{
  "rmse": 16.949346718525316,
  "r2": -19.80403276732398,
  "best_params": {
    "model__alpha": 100.0
  }
}