{
  "RMSE": 16.90871588230006,
  "R2": -19.64978955344532
}