{
  "threshold": 0.32372742891311646,
  "macro_f1": 0.40347530521642616,
  "f1_pos": 0.6654411764705882,
  "f1_neg": 0.14150943396226415,
  "accuracy": 0.5185185185185185,
  "ap": 0.5290897198246717,
  "roc_auc": 0.5231760257666994,
  "confusion_matrix": [
    [
      15,
      178
    ],
    [
      4,
      181
    ]
  ],
  "report": "              precision    recall  f1-score   support\n\n           0       0.79      0.08      0.14       193\n           1       0.50      0.98      0.67       185\n\n    accuracy                           0.52       378\n   macro avg       0.65      0.53      0.40       378\nweighted avg       0.65      0.52      0.40       378\n"
}